{
  "model_type": "discrete_naive_bayes",
  "class_names": {
    "0": "normal",
    "1": "af"
  },
  "positive_class": 1,
  "features": [
    "valid_interval_count",
    "mean_ppi_ms",
    "iqr_ppi_ms",
    "trimmed_std_ppi_ms",
    "trimmed_cv_ppi",
    "median_abs_delta_ms",
    "p80_abs_delta_ms",
    "p95_abs_delta_ms",
    "pnn50_pct",
    "pnn80_pct",
    "pnn120_pct"
  ],
  "feature_bins": {
    "valid_interval_count": [
      20,
      30,
      40,
      50,
      70,
      100
    ],
    "mean_ppi_ms": [
      450,
      550,
      650,
      750,
      850,
      1000,
      1200,
      1600
    ],
    "iqr_ppi_ms": [
      20,
      40,
      60,
      90,
      130,
      180,
      260,
      400,
      700
    ],
    "trimmed_std_ppi_ms": [
      10,
      20,
      35,
      55,
      80,
      120,
      180,
      260,
      420
    ],
    "trimmed_cv_ppi": [
      0.02,
      0.04,
      0.06,
      0.09,
      0.13,
      0.18,
      0.25,
      0.35,
      0.55
    ],
    "median_abs_delta_ms": [
      5,
      10,
      20,
      35,
      55,
      80,
      120,
      180,
      280
    ],
    "p80_abs_delta_ms": [
      20,
      40,
      60,
      90,
      130,
      180,
      260,
      400,
      700
    ],
    "p95_abs_delta_ms": [
      40,
      80,
      120,
      180,
      260,
      400,
      700,
      1000,
      1600
    ],
    "pnn50_pct": [
      1,
      5,
      10,
      20,
      35,
      50,
      70,
      90
    ],
    "pnn80_pct": [
      1,
      5,
      10,
      20,
      35,
      50,
      70,
      90
    ],
    "pnn120_pct": [
      1,
      5,
      10,
      20,
      35,
      50,
      70,
      90
    ]
  },
  "class_counts": {
    "0": 563193,
    "1": 256660
  },
  "class_log_prior": {
    "0": -0.375503343975874,
    "1": -1.1613713473400467
  },
  "feature_log_prob": {
    "valid_interval_count": {
      "0": [
        -13.24139008382597,
        -2.1408335032807,
        -0.6356524517524382,
        -1.2621364859788353,
        -2.682249555157477,
        -6.576981063475562,
        -13.24139008382597
      ],
      "1": [
        -12.455534803862212,
        -3.3375290430888254,
        -1.2343663693857947,
        -0.9114304904109832,
        -1.383660174725157,
        -3.8708698973309623,
        -12.455534803862212
      ]
    },
    "mean_ppi_ms": {
      "0": [
        -5.8172283539139995,
        -3.769304572554569,
        -2.1424544806376455,
        -1.573183847260251,
        -1.489813539851684,
        -1.2258400541650025,
        -2.096016299048168,
        -4.9153609490009496,
        -13.241393634956028
      ],
      "1": [
        -3.3110215650906367,
        -2.1166752094370307,
        -1.5157969965722635,
        -1.3043476902546052,
        -1.6568653815272967,
        -2.126721950747767,
        -3.3000808855633323,
        -5.247682724597051,
        -12.455542596029526
      ]
    },
    "iqr_ppi_ms": {
      "0": [
        -1.6441012239630801,
        -0.9543973700725707,
        -1.8043148098394302,
        -2.0993017697599137,
        -2.9290152969717775,
        -3.5499260265109918,
        -3.7720039488875177,
        -4.108476185508731,
        -4.381463940900232,
        -7.5646416082480465
      ],
      "1": [
        -5.179681891543881,
        -4.415744148353929,
        -4.250601327071206,
        -2.911165408684433,
        -1.788756230321938,
        -1.0641786776805826,
        -1.1829997544560995,
        -2.4660647463874246,
        -4.633903365850432,
        -7.719348043695918
      ]
    },
    "trimmed_std_ppi_ms": {
      "0": [
        -1.944315194379198,
        -1.0483928070819029,
        -1.370886414497675,
        -2.201823178455758,
        -3.0650983356511707,
        -3.1464201060700017,
        -3.435410439341439,
        -4.161733362182262,
        -5.407795186855225,
        -13.24139541051633
      ],
      "1": [
        -5.52407468649096,
        -4.742208603218542,
        -4.256907036793044,
        -2.7425538070374014,
        -1.4160545316691129,
        -0.7322061426626999,
        -1.8143447856692156,
        -4.058038143620156,
        -5.310350357093242,
        -10.258321914754195
      ]
    },
    "trimmed_cv_ppi": {
      "0": [
        -0.98947502072958,
        -1.0433851790761992,
        -2.143440083668569,
        -2.870000173693328,
        -3.4088132714959745,
        -3.438446683358813,
        -3.59596640536591,
        -4.746856909664897,
        -7.2574591298291375,
        -12.142783121848218
      ],
      "1": [
        -4.616414843816081,
        -4.663197567977376,
        -4.4316664993555355,
        -2.6205519359995857,
        -1.1189764169356358,
        -0.8507440065960362,
        -2.029166414570157,
        -4.54715933280037,
        -8.250853872699448,
        -12.455546492090413
      ]
    },
    "median_abs_delta_ms": {
      "0": [
        -4.376366223828563,
        -0.9502557770964306,
        -1.1036551403629795,
        -1.9055293716663988,
        -3.114404371450443,
        -4.354433375650201,
        -4.390304722851347,
        -4.038381813926606,
        -4.135305059913945,
        -4.068030274665041
      ],
      "1": [
        -8.265891750063988,
        -5.276238522586379,
        -4.931525076884289,
        -4.160247632587954,
        -2.9987367434965244,
        -2.114255723534176,
        -1.0877392889966278,
        -1.0115853275867206,
        -2.4428458545809693,
        -4.2898985667929095
      ]
    },
    "p80_abs_delta_ms": {
      "0": [
        -1.1252857664639757,
        -0.8522556528543302,
        -2.4640445753459996,
        -3.169727484741277,
        -4.072189581898701,
        -4.478436489749601,
        -3.8626633872796887,
        -3.3011902750450375,
        -3.4440464540418674,
        -5.597912503439128
      ],
      "1": [
        -5.72452839160833,
        -4.81542331939505,
        -5.410641374961043,
        -4.511054328158254,
        -3.028080641125584,
        -1.8001241175112517,
        -0.8732628890178734,
        -1.2110758011443978,
        -3.194227875349601,
        -5.800106141722766
      ]
    },
    "p95_abs_delta_ms": {
      "0": [
        -0.6681931619435835,
        -1.451982803139842,
        -2.979394604767828,
        -3.415869399449912,
        -3.557246158453431,
        -2.964380713407976,
        -2.634835099348682,
        -4.065025558111299,
        -7.445337659750956,
        -13.24139541051633
      ],
      "1": [
        -5.3262489431610405,
        -5.469904674451205,
        -5.879076923042189,
        -3.649721679186807,
        -1.9589254831407177,
        -0.7260590871715296,
        -1.1547380941688155,
        -3.9387533806955157,
        -5.9174066683227435,
        -12.455546492090413
      ]
    },
    "pnn50_pct": {
      "0": [
        -0.7553019531811944,
        -2.1911546350912623,
        -2.221159223556308,
        -2.2253251445243944,
        -2.5523848464350922,
        -3.2340416853896117,
        -3.2236403362915564,
        -3.3283518696150884,
        -4.724800623611823
      ],
      "1": [
        -5.428228081989749,
        -6.319977704947787,
        -5.913070635522721,
        -5.31826415876914,
        -4.540194426766448,
        -3.4664725309858726,
        -1.3387608189083962,
        -0.4548718203374047,
        -3.0447951997130036
      ]
    },
    "pnn80_pct": {
      "0": [
        -0.4061045147605957,
        -2.6780054956535904,
        -2.6488422272975907,
        -2.781552753377948,
        -3.154460157964236,
        -3.637795697979426,
        -3.3462911389543404,
        -3.702541196039809,
        -5.644499196811484
      ],
      "1": [
        -4.914921067372373,
        -6.68410147289951,
        -5.684753172120546,
        -4.612871121050069,
        -3.1539913439999587,
        -2.019135302254341,
        -0.6175742470763729,
        -1.361258668284094,
        -4.9544604717696545
      ]
    },